theme_synonym_id,n,matched_theme_set
6694684,71,"['01_11_18', '01_18_21', '01_18_22', '01_18_25', '02_04_11', '02_04_22', '02_04_25', '02_04_26', '02_09_11', '02_09_15', '02_09_17', '02_09_25', '02_11_14', '02_11_15', '02_11_18', '02_11_21', '02_11_22', '02_11_25', '02_11_26', '02_14_15', '02_14_17', '02_14_18', '02_15_22', '02_15_26', '02_17_25', '02_18_25', '02_22_25', '02_25_26', '04_05_11', '04_07_25', '04_09_15', '04_09_18', '04_10_15', '04_11_25', '04_14_15', '04_18_22', '04_18_25', '05_11_25', '06_11_26', '07_09_25', '07_09_26', '07_11_14', '07_11_25', '07_14_25', '07_22_25', '07_25_26', '09_11_15', '09_11_18', '09_15_18', '09_15_25', '09_18_22', '09_18_25', '09_23_25', '11_14_15', '11_14_18', '11_14_23', '11_18_22', '11_18_25', '11_23_25', '14_15_18', '14_15_25', '14_18_22', '14_18_25', '14_23_25', '14_23_26', '15_18_22', '15_18_25', '15_18_26', '18_22_25', '22_23_25', '23_25_26']"
859490,62,"['04_05_17', '04_06_17', '04_06_26', '04_07_22', '04_07_26', '04_17_18', '04_17_19', '04_17_23', '04_18_19', '04_19_22', '04_22_23', '04_23_25', '04_23_26', '05_11_18', '05_17_18', '05_17_19', '05_17_22', '05_17_26', '05_18_26', '05_19_25', '05_19_26', '06_11_18', '06_17_18', '06_17_19', '06_17_26', '06_18_26', '06_19_22', '06_19_26', '07_17_22', '07_17_25', '07_17_26', '07_18_22', '07_18_25', '07_18_26', '07_19_25', '07_19_26', '14_17_18', '14_17_19', '14_17_23', '14_18_19', '17_18_19', '17_18_22', '17_18_23', '17_18_25', '17_18_26', '17_19_22', '17_19_23', '17_19_25', '17_19_26', '17_22_23', '17_23_25', '17_23_26', '18_19_22', '18_19_25', '18_19_26', '18_22_23', '18_23_25', '18_23_26', '19_22_23', '19_23_25', '19_23_26']"
2004522,57,"['04_09_11', '04_09_14', '04_09_22', '04_09_25', '04_09_26', '04_11_14', '04_11_22', '04_11_26', '04_14_22', '04_14_25', '04_14_26', '04_22_25', '04_22_26', '04_25_26', '07_14_26', '08_09_11', '08_11_14', '09_10_15', '09_11_14', '09_11_21', '09_11_22', '09_11_25', '09_11_26', '09_12_26', '09_14_15', '09_14_22', '09_14_25', '09_14_26', '09_21_22', '09_21_26', '09_22_25', '09_22_26', '09_24_26', '09_25_26', '10_11_15', '11_14_21', '11_14_22', '11_14_25', '11_14_26', '11_21_22', '11_21_26', '11_22_25', '11_22_26', '11_25_26', '12_14_22', '12_14_26', '12_22_26', '14_22_24', '14_22_25', '14_22_26', '14_24_26', '14_25_26', '22_24_26', '22_25_26', '24_25_26']"
4675403,53,"['03_04_09', '03_04_22', '03_04_25', '03_09_11', '03_09_21', '03_09_22', '03_09_24', '03_09_25', '03_11_22', '03_11_25', '03_22_24', '03_22_25', '03_24_25', '04_09_12', '04_09_24', '04_11_21', '04_11_24', '04_12_22', '04_12_25', '04_21_24', '04_22_24', '04_24_25', '09_11_12', '09_11_24', '09_12_21', '09_12_22', '09_12_24', '09_12_25', '09_21_24', '09_24_25', '10_15_24', '11_12_22', '11_12_25', '11_13_15', '11_13_21', '11_13_24', '11_13_25', '11_21_24', '11_21_25', '11_24_25', '12_21_22', '12_21_25', '12_22_24', '12_22_25', '12_24_25', '13_15_24', '13_15_25', '15_21_24', '21_22_24', '21_24_25']"
6476160,51,"['01_06_08', '01_06_19', '02_04_05', '02_04_08', '02_04_18', '02_04_19', '02_04_21', '02_04_23', '02_05_08', '02_05_18', '02_05_19', '02_05_23', '02_05_26', '02_06_08', '02_06_18', '02_06_19', '02_08_14', '02_08_16', '02_08_18', '02_08_21', '02_08_22', '02_08_23', '02_10_15', '02_13_15', '02_14_19', '02_15_23', '02_16_18', '02_16_19', '02_16_23', '02_18_19', '02_18_21', '02_18_22', '02_18_23', '02_18_26', '02_19_21', '02_19_23', '02_21_23', '02_22_23', '02_23_25', '02_23_26', '04_05_18', '04_05_23', '04_18_21', '04_18_23', '05_18_21', '05_18_23', '05_23_26', '06_23_26', '14_18_23', '18_21_23']"
177779,46,"['04_06_07', '04_06_13', '04_06_18', '04_06_23', '04_07_10', '04_07_13', '04_07_21', '04_07_23', '04_13_23', '04_21_23', '06_07_10', '06_07_13', '06_07_17', '06_07_18', '06_07_19', '06_07_21', '06_07_23', '06_07_24', '06_10_17', '06_10_18', '06_10_23', '06_13_17', '06_13_18', '06_13_19', '06_13_23', '06_17_23', '06_18_21', '06_18_23', '06_19_21', '06_21_23', '06_23_24', '07_10_15', '07_10_18', '07_10_21', '07_10_23', '07_13_17', '07_13_18', '07_13_19', '07_13_21', '07_13_23', '07_21_23', '07_23_24', '07_23_25', '10_13_17', '13_17_23']"
1890680,41,"['03_04_08', '03_04_23', '03_06_08', '03_06_23', '03_08_10', '03_08_13', '03_08_16', '03_08_23', '03_10_23', '03_13_16', '04_05_13', '04_06_16', '04_08_16', '04_10_16', '04_13_16', '04_16_23', '05_07_10', '05_07_13', '05_08_10', '05_08_13', '05_10_13', '05_10_23', '05_13_16', '05_13_23', '06_08_12', '06_08_16', '06_10_16', '06_12_23', '06_16_23', '07_10_16', '07_13_16', '08_10_16', '08_13_16', '08_16_23', '08_21_23', '10_16_23', '12_13_16', '13_16_23']"
6692950,47,"['01_03_09', '01_03_25', '01_04_24', '01_09_12', '01_09_24', '01_11_24', '01_12_22', '01_12_25', '01_14_24', '01_15_24', '01_22_24', '01_24_25', '02_03_09', '02_03_25', '02_09_12', '02_09_24', '02_11_24', '02_22_24', '02_24_25', '03_09_18', '03_14_18', '03_15_25', '03_18_25', '04_15_24', '05_11_24', '07_22_24', '09_12_18', '09_15_24', '09_18_24', '11_15_24', '12_14_18', '12_15_25', '12_18_25', '14_15_24', '14_18_24', '15_24_25', '18_24_25']"
4288056,41,"['03_15_18', '04_07_15', '04_07_17', '04_07_18', '04_07_19', '04_15_18', '04_15_19', '04_15_23', '04_19_23', '05_07_11', '05_07_15', '05_11_23', '05_15_17', '07_11_15', '07_11_23', '07_15_17', '07_15_18', '07_15_19', '07_15_23', '07_17_18', '07_17_19', '07_17_23', '07_18_19', '07_18_23', '07_19_23', '08_11_18', '11_15_23', '12_15_18', '12_18_19', '15_17_23', '15_18_19', '15_18_23', '15_19_23', '18_19_23']"
4566575,36,"['01_08_17', '01_17_19', '03_17_19', '03_22_23', '03_23_26', '04_07_11', '04_07_24', '04_11_17', '04_11_19', '04_11_23', '04_19_24', '04_23_24', '05_11_17', '05_11_19', '07_11_17', '07_11_19', '07_17_24', '07_19_24', '10_15_19', '11_15_19', '11_17_19', '11_17_23', '11_19_23', '11_23_24', '12_15_17', '12_15_19', '12_17_19', '15_17_19', '17_19_24', '17_23_24', '19_23_24']"
1548625,32,"['03_06_09', '03_06_14', '04_05_09', '04_05_14', '04_06_09', '04_06_14', '04_06_21', '04_06_24', '04_09_16', '04_14_16', '05_06_09', '05_06_14', '05_06_21', '05_06_24', '05_09_13', '05_09_16', '05_13_14', '05_13_15', '05_14_16', '05_14_24', '06_09_16', '06_09_21', '06_09_24', '06_14_16', '06_14_21', '06_14_24', '09_16_21', '10_14_15', '14_16_21', '14_21_23', '21_23_24']"
4747043,33,"['03_04_11', '03_04_12', '03_04_24', '03_09_12', '03_10_11', '03_10_15', '03_11_12', '03_11_13', '03_11_21', '03_11_24', '03_12_15', '03_12_21', '03_12_22', '03_12_24', '03_12_25', '03_12_26', '03_13_15', '04_11_12', '04_12_21', '04_12_24', '07_12_24', '11_12_13', '11_12_21', '11_12_24', '12_13_15', '12_13_24', '12_21_24', '12_21_26']"
2915336,70,"['04_09_17', '04_09_19', '04_14_19', '04_17_25', '04_19_25', '05_09_17', '09_11_17', '09_11_19', '09_15_17', '09_15_19', '09_17_18', '09_17_25', '09_19_22', '09_19_25', '11_14_19', '11_17_21', '11_17_22', '11_17_25', '11_19_22', '11_19_25', '14_15_17', '14_15_19', '14_19_22', '14_19_25', '15_19_26', '17_22_25', '19_22_25']"
6576712,36,"['01_04_26', '01_05_26', '01_20_22', '01_22_26', '01_25_26', '04_15_26', '04_20_22', '04_20_25', '04_20_26', '05_25_26', '09_15_20', '09_15_22', '09_15_26', '09_20_22', '09_20_25', '09_20_26', '11_20_22', '11_20_26', '14_15_20', '14_15_22', '14_15_26', '15_20_26', '15_22_26', '15_25_26', '20_22_25', '20_22_26', '20_25_26']"
6681497,34,"['01_04_09', '01_04_14', '01_05_09', '01_09_14', '01_09_18', '01_09_21', '01_09_22', '01_09_25', '01_09_26', '01_14_18', '01_14_21', '01_14_22', '01_14_25', '02_04_09', '02_04_14', '02_09_14', '02_09_21', '02_09_22', '02_12_14', '02_14_22', '02_14_24', '02_14_25', '02_14_26', '04_14_18', '05_09_25', '09_14_18', '09_18_21']"
34713,38,"['04_05_19', '04_08_18', '04_16_18', '04_19_21', '05_08_18', '05_15_23', '05_16_18', '05_18_19', '05_18_24', '05_19_21', '05_19_23', '05_19_24', '05_23_24', '06_08_19', '08_15_18', '08_16_18', '08_18_19', '08_18_21', '08_18_23', '08_23_25', '10_15_18', '10_15_23', '16_18_19', '16_18_23', '18_19_21', '19_21_23']"
6685918,33,"['01_04_06', '01_06_09', '01_06_14', '01_06_24', '02_06_09', '04_07_09', '04_07_14', '04_14_23', '05_07_09', '05_11_20', '06_07_09', '06_09_15', '06_09_20', '06_14_15', '06_15_24', '06_20_24', '07_09_15', '07_09_20', '07_14_15', '07_20_24', '09_15_23', '09_23_24', '14_15_23', '14_23_24', '20_23_24']"
4685778,30,"['03_04_17', '03_04_19', '03_07_11', '03_07_17', '03_08_11', '03_11_17', '03_11_19', '03_11_23', '03_12_17', '03_17_23', '03_23_24', '04_08_11', '04_12_17', '04_12_19', '07_11_12', '07_11_21', '07_12_17', '08_11_12', '08_11_17', '08_12_17', '11_12_17', '11_12_19', '11_12_23', '11_21_23', '12_17_23']"
38108,29,"['04_10_26', '04_13_15', '04_13_22', '04_13_25', '04_13_26', '04_21_22', '04_21_26', '09_10_25', '09_13_22', '09_13_25', '09_13_26', '10_15_22', '10_15_26', '10_22_26', '13_14_22', '13_14_25', '13_14_26', '13_21_22', '13_21_26', '13_22_25', '13_22_26', '13_25_26', '21_22_26', '21_25_26']"
6464877,34,"['02_04_06', '02_05_06', '02_05_07', '02_06_07', '02_06_20', '02_06_23', '02_06_24', '02_07_20', '04_05_06', '04_05_07', '04_07_20', '05_06_07', '05_06_20', '05_06_23', '05_07_20', '05_07_23', '05_07_24', '05_20_23', '06_07_20', '06_18_20', '06_20_23', '07_14_23', '07_20_23']"
6424641,28,"['01_05_13', '01_06_21', '02_06_13', '02_06_14', '04_13_20', '04_20_21', '05_06_10', '05_06_13', '05_13_20', '06_09_23', '06_10_20', '06_13_14', '06_13_20', '06_14_23', '06_20_21', '06_23_25', '10_13_20', '10_14_20', '10_14_23', '10_20_21', '13_14_23', '13_23_25']"
6695198,25,"['01_04_15', '01_08_25', '01_15_25', '02_04_15', '02_11_20', '02_12_15', '02_12_25', '02_15_20', '02_15_24', '02_15_25', '02_20_24', '02_20_25', '04_15_20', '04_15_25', '10_15_25', '11_18_20', '15_18_20', '15_20_25', '15_23_25', '18_20_24', '18_20_25', '19_20_25']"
871917,34,"['04_06_19', '04_10_18', '04_10_19', '04_13_18', '04_13_19', '05_10_18', '05_10_19', '05_13_18', '05_13_19', '06_10_19', '06_18_19', '06_19_23', '08_09_19', '08_13_18', '10_13_18', '10_18_19', '10_18_23', '10_19_23', '13_18_19', '13_18_23', '13_19_23']"
4745236,30,"['03_04_15', '03_07_15', '03_07_19', '03_07_23', '03_15_19', '03_15_23', '03_19_23', '04_12_15', '04_12_23', '05_07_12', '05_08_11', '07_08_11', '07_08_12', '07_11_16', '07_12_15', '07_12_19', '07_12_23', '07_15_16', '08_11_23', '11_16_23', '12_15_23']"
6476235,44,"['02_04_07', '02_07_08', '02_07_10', '02_07_17', '02_07_18', '02_07_19', '02_07_22', '02_07_23', '02_07_25', '02_07_26', '02_08_17', '02_10_17', '02_10_18', '02_10_23', '02_17_18', '02_17_23', '06_07_26', '07_14_18', '07_22_23', '07_23_26']"
6473644,23,"['01_05_16', '02_04_16', '02_05_15', '02_05_16', '02_05_21', '02_05_25', '02_06_15', '02_08_15', '02_15_16', '02_15_18', '02_15_21', '02_16_21', '04_05_15', '05_10_15', '05_15_18', '05_15_25', '05_18_25', '05_23_25', '15_16_18', '15_18_21']"
1550316,27,"['03_08_19', '04_05_08', '04_08_15', '04_08_19', '04_08_23', '04_16_19', '05_08_15', '05_08_16', '05_08_19', '05_08_23', '05_16_19', '08_10_15', '08_15_19', '08_15_23', '08_16_19', '08_19_23', '15_16_19', '15_16_23', '16_19_23']"
4409819,25,"['03_07_26', '03_19_26', '04_17_24', '07_11_24', '07_12_22', '07_12_26', '08_11_15', '08_11_22', '08_11_24', '08_17_24', '11_17_24', '11_19_24', '12_15_26', '12_19_22', '12_19_26', '15_17_24', '15_19_24', '15_24_26', '19_22_24']"
1847381,22,"['03_06_17', '03_08_17', '03_10_17', '04_16_17', '04_17_21', '06_08_11', '06_08_17', '06_11_16', '06_12_17', '06_16_17', '07_17_21', '08_11_13', '08_17_21', '10_11_16', '10_12_17', '10_16_17', '10_17_21', '11_13_16', '13_16_17']"
1550083,30,"['03_06_18', '03_07_18', '03_18_23', '04_06_15', '05_06_15', '05_07_08', '05_07_21', '05_21_23', '06_07_08', '06_07_15', '06_12_18', '06_15_18', '06_15_19', '06_15_23', '07_08_25', '07_15_21', '07_16_18', '15_21_23']"
4457138,25,"['03_07_25', '03_17_25', '03_19_25', '04_10_11', '06_11_24', '07_12_25', '07_24_25', '08_11_25', '09_16_17', '10_11_24', '10_11_25', '10_17_24', '12_17_25', '12_19_25', '12_23_25', '17_24_25', '19_24_25', '23_24_25']"
1888277,20,"['03_04_14', '03_05_24', '03_05_25', '03_06_24', '03_06_25', '03_07_22', '03_07_24', '03_14_25', '04_05_24', '04_05_25', '05_21_24', '05_21_25', '05_24_25', '06_12_24', '06_12_25', '06_21_24', '06_24_25', '07_21_24']"
6702194,43,"['01_02_11', '01_04_11', '01_04_21', '01_04_22', '01_04_25', '01_05_11', '01_07_25', '01_09_15', '01_11_14', '01_11_21', '01_11_22', '01_11_25', '01_14_15', '01_15_26', '01_21_25', '01_22_25', '01_23_25']"
36060,29,"['05_06_22', '05_08_14', '05_09_15', '05_09_19', '05_14_15', '05_14_19', '05_14_23', '05_18_22', '05_22_23', '06_08_22', '06_09_19', '06_14_18', '06_14_19', '06_15_22', '06_22_23', '14_22_23', '15_22_23']"
6495911,27,"['01_04_17', '01_07_11', '01_07_17', '01_07_26', '01_11_17', '01_11_19', '01_11_23', '01_17_21', '01_17_22', '01_17_23', '01_23_26', '07_09_11', '07_11_22', '09_11_23', '09_23_26', '11_22_23', '11_23_26']"
6693767,18,"['01_02_03', '01_03_04', '01_03_06', '01_03_20', '01_03_23', '01_04_12', '01_06_12', '01_12_20', '01_12_23', '02_03_04', '02_03_20', '02_12_20', '03_04_20', '03_09_23', '03_20_23', '04_12_20', '12_20_23']"
6696629,32,"['01_02_08', '01_02_18', '01_02_19', '01_02_23', '01_04_18', '01_04_23', '01_05_18', '01_18_23', '02_08_09', '02_09_18', '02_09_19', '02_09_23', '02_12_19', '02_23_24', '04_09_23', '09_18_23']"
1572960,20,"['03_06_26', '03_09_26', '03_14_22', '03_14_26', '03_25_26', '04_14_21', '04_21_25', '06_09_26', '06_12_26', '06_14_26', '06_24_26', '09_21_25', '10_14_25', '10_15_21', '14_21_25', '21_22_25']"
4747140,19,"['03_06_12', '03_08_09', '03_08_12', '03_12_13', '03_12_19', '03_12_23', '04_08_12', '04_12_13', '07_12_13', '08_09_12', '08_12_13', '10_12_15', '12_13_19', '12_13_23', '12_19_21', '12_21_23']"
6468642,28,"['02_06_22', '02_06_25', '02_06_26', '02_10_22', '02_10_26', '02_13_22', '02_13_25', '02_13_26', '02_21_25', '06_18_22', '06_18_25', '06_25_26', '10_18_25', '13_18_25', '18_21_25']"
1891321,17,"['03_04_05', '03_04_06', '03_05_06', '03_05_12', '03_05_16', '03_06_16', '03_06_21', '03_14_16', '04_05_12', '04_06_12', '05_06_12', '05_12_16', '06_12_16', '06_12_21', '12_14_16']"
2886813,40,"['04_17_22', '05_11_22', '05_11_26', '09_17_26', '09_18_26', '11_18_26', '14_17_26', '14_18_26', '14_19_26', '15_17_26', '15_21_26', '17_25_26', '18_25_26', '19_25_26']"
6475984,33,"['02_04_20', '02_05_20', '02_08_20', '02_18_20', '02_19_20', '02_20_23', '04_08_20', '04_18_20', '04_19_20', '06_19_20', '08_20_23', '16_18_20', '18_20_23', '19_20_23']"
6472469,26,"['01_08_13', '01_13_19', '02_04_10', '02_04_13', '02_05_10', '02_05_13', '02_07_13', '02_08_10', '02_08_13', '02_10_13', '02_10_19', '02_13_18', '02_13_19', '02_13_23']"
1594769,18,"['03_06_10', '03_23_25', '04_06_10', '04_10_13', '06_08_21', '06_10_13', '06_10_15', '06_10_21', '06_10_25', '08_10_25', '10_13_25', '10_19_21', '10_21_23', '10_23_25']"
6696585,17,"['01_03_18', '01_12_18', '01_18_24', '02_03_18', '02_03_19', '02_04_12', '02_04_24', '02_08_24', '02_12_18', '02_12_26', '02_18_24', '02_19_24', '02_24_26', '04_18_24']"
1827984,16,"['03_04_26', '03_08_24', '03_08_26', '03_13_26', '03_18_26', '04_13_24', '08_13_24', '08_21_24', '10_12_26', '12_13_26', '13_18_24', '13_19_24', '18_21_24', '19_21_24']"
1827869,34,"['03_05_08', '03_05_19', '03_05_23', '03_06_19', '03_16_19', '05_07_16', '05_08_12', '05_08_21', '05_12_19', '05_12_23', '05_16_23', '06_12_19', '16_19_21']"
6702634,28,"['01_02_04', '01_02_06', '01_02_07', '01_02_09', '01_02_14', '01_02_15', '01_07_09', '01_07_14', '01_09_23', '01_14_23', '02_07_09', '02_07_14', '02_14_23']"
6689795,27,"['01_11_15', '01_17_20', '04_11_15', '04_11_20', '05_11_15', '07_15_25', '07_20_25', '08_11_20', '11_15_20', '11_15_25', '11_20_25', '15_17_20', '17_20_25']"
6471516,19,"['01_05_17', '01_06_17', '02_04_17', '02_05_11', '02_05_17', '02_06_17', '02_15_17', '02_16_17', '02_17_22', '02_17_26', '02_19_22', '02_19_25', '02_19_26']"
6073695,18,"['01_12_14', '05_09_11', '05_09_14', '05_11_14', '05_12_14', '06_09_12', '06_09_14', '06_12_14', '07_09_14', '07_09_21', '09_12_14', '09_14_23', '09_21_23']"
6667420,18,"['01_05_20', '04_05_20', '04_06_20', '04_20_23', '05_20_25', '06_14_20', '06_20_26', '07_14_20', '10_15_20', '14_20_23', '20_22_23', '20_23_25', '20_23_26']"
6575724,17,"['01_04_10', '01_06_13', '01_07_10', '01_07_13', '01_10_14', '01_13_14', '01_13_18', '07_09_10', '07_09_13', '07_10_14', '07_10_25', '07_13_14', '07_13_25']"
4691500,48,"['03_09_14', '03_11_14', '03_14_24', '04_12_14', '04_14_24', '11_12_14', '11_14_24', '12_14_21', '12_14_24', '12_14_25', '14_21_24', '14_24_25']"
1244581,27,"['04_07_08', '07_08_10', '07_08_17', '07_08_19', '07_08_23', '07_10_17', '07_10_19', '07_19_21', '08_10_11', '08_10_17', '08_17_23', '10_17_23']"
6227727,19,"['01_03_12', '01_03_16', '01_12_16', '03_04_07', '03_05_11', '03_07_12', '03_12_18', '04_07_12', '05_11_12', '07_12_16', '07_12_21', '12_18_21']"
1497479,18,"['04_06_22', '04_06_25', '05_06_11', '05_17_21', '06_11_21', '06_14_17', '06_17_21', '06_17_25', '06_22_25', '07_21_25', '14_16_17', '21_23_25']"
1828994,13,"['03_04_13', '03_06_13', '03_07_13', '03_08_14', '03_13_23', '06_12_13', '08_09_13', '08_13_14', '08_13_21', '10_13_15', '13_19_21', '13_21_23']"
3857604,50,"['04_11_18', '07_11_18', '07_18_24', '11_17_18', '11_18_19', '11_18_21', '11_18_23', '11_19_21', '17_18_24', '18_19_24', '18_23_24']"
4564988,45,"['03_14_17', '03_14_19', '09_12_17', '09_12_19', '09_17_24', '12_14_17', '12_14_19', '12_17_22', '14_17_24', '14_19_24', '17_22_24']"
4974704,24,"['02_03_14', '04_09_10', '04_10_14', '05_09_10', '05_10_14', '05_10_24', '06_09_10', '06_10_14', '06_10_24', '09_10_14', '10_14_24']"
6693610,22,"['01_03_11', '01_03_22', '01_03_24', '01_11_12', '01_12_24', '02_03_11', '02_03_22', '02_03_24', '02_11_12', '02_12_24', '12_18_24']"
1974439,18,"['04_17_26', '07_11_26', '07_22_26', '09_13_17', '11_13_17', '11_13_26', '11_17_26', '13_15_26', '13_17_26', '17_22_26', '22_23_26']"
4674566,17,"['03_11_26', '03_15_26', '03_17_22', '03_17_24', '03_17_26', '04_12_26', '11_12_26', '12_17_21', '12_17_24', '12_17_26', '12_19_24']"
6435039,16,"['01_05_14', '02_05_09', '02_05_14', '02_14_20', '02_14_21', '04_14_20', '05_09_20', '05_14_20', '05_20_21', '09_20_21', '14_20_21']"
33240,15,"['04_15_21', '05_08_22', '05_15_16', '05_15_21', '05_15_22', '08_09_16', '08_14_16', '08_15_21', '08_15_22', '08_16_25', '15_16_22']"
6693900,15,"['01_02_16', '01_05_23', '01_06_18', '01_06_23', '01_16_18', '01_16_23', '02_06_12', '02_12_23', '05_09_23', '07_09_16', '09_16_23']"
1398017,14,"['04_10_25', '05_10_25', '05_13_25', '06_08_25', '06_13_25', '06_16_25', '08_13_25', '08_21_25', '10_16_25', '13_16_25', '13_19_25']"
3317017,42,"['07_09_17', '07_09_18', '07_09_19', '07_09_23', '07_14_17', '07_14_19', '07_19_22', '09_18_19', '09_19_23', '14_19_23']"
6690769,37,"['01_05_24', '04_20_24', '05_22_24', '09_12_20', '09_20_24', '12_20_22', '12_20_25', '15_20_24', '20_22_24', '20_24_25']"
2027830,24,"['04_14_17', '09_14_17', '09_14_19', '09_17_21', '09_17_22', '09_19_21', '11_14_17', '14_17_21', '14_17_22', '14_17_25']"
1827323,24,"['03_05_07', '03_06_07', '03_07_08', '03_07_16', '04_07_16', '06_07_12', '06_07_16', '07_08_16', '07_08_21', '07_16_23']"
4691366,22,"['03_04_18', '03_11_18', '03_17_18', '03_18_19', '03_18_24', '03_19_22', '03_19_24', '04_12_18', '11_12_18', '12_17_18']"
6377224,20,"['01_03_14', '03_07_14', '03_09_15', '03_14_15', '05_09_12', '07_09_12', '07_12_14', '09_12_15', '09_12_23', '12_14_15']"
9612,15,"['04_16_22', '05_09_22', '05_09_26', '05_14_22', '05_14_26', '05_21_22', '05_21_26', '09_16_22', '14_16_22', '16_21_22']"
1708108,15,"['03_06_22', '06_09_22', '06_09_25', '06_12_22', '06_14_22', '06_14_25', '06_21_25', '06_22_24', '09_16_25', '14_16_25']"
314683,14,"['04_08_10', '04_10_23', '06_08_10', '07_10_13', '08_10_13', '08_10_23', '08_10_24', '10_13_19', '10_13_23', '10_23_24']"
1891368,13,"['03_04_10', '03_08_21', '03_10_12', '03_10_13', '03_19_21', '03_21_23', '04_10_12', '06_10_12', '08_12_21', '10_12_13']"
6695875,24,"['01_04_07', '01_05_07', '01_07_18', '01_07_23', '01_15_23', '02_07_11', '02_07_15', '02_11_23', '02_15_19']"
1059285,22,"['04_08_17', '04_10_17', '07_08_24', '08_09_17', '08_11_19', '08_17_19', '10_15_17', '10_17_19', '17_19_21']"
6377311,21,"['01_03_21', '01_12_21', '02_03_12', '02_12_21', '03_06_11', '03_11_20', '03_12_14', '03_12_20', '06_11_12']"
1828425,18,"['03_13_22', '03_13_25', '03_21_22', '03_21_25', '12_13_25', '13_21_24', '13_21_25', '13_22_24', '13_24_25']"
6696665,15,"['01_04_13', '01_09_13', '01_13_23', '01_13_24', '01_23_24', '09_13_23', '12_22_23', '13_23_24', '22_23_24']"
33860,13,"['04_08_09', '04_08_14', '05_08_09', '05_09_18', '05_14_18', '08_09_21', '08_14_21', '14_18_21', '14_19_21']"
5672121,13,"['01_04_08', '01_04_19', '01_05_19', '01_08_18', '01_08_23', '01_16_19', '01_18_19', '01_19_21', '01_19_23']"
6397598,13,"['02_17_20', '04_17_20', '06_17_20', '07_17_20', '07_20_26', '09_17_20', '10_11_20', '10_17_20', '17_20_26']"
1038266,11,"['04_10_22', '09_10_13', '09_10_22', '09_10_26', '10_13_22', '10_13_26', '10_21_22', '10_21_26', '13_16_22']"
123496,28,"['06_17_22', '06_19_25', '09_10_17', '10_14_17', '10_17_22', '10_17_25', '17_21_25', '19_21_25']"
4349017,27,"['03_15_22', '09_11_16', '11_14_16', '11_22_24', '12_15_22', '12_25_26', '15_22_24', '22_24_25']"
6413269,23,"['02_20_22', '02_21_22', '02_21_26', '02_22_26', '06_22_26', '20_21_22', '20_21_25', '20_21_26']"
6677287,20,"['01_15_21', '01_15_22', '04_15_22', '11_15_21', '11_15_22', '11_15_26', '15_21_22', '15_22_25']"
4495139,18,"['04_08_24', '08_12_22', '08_12_26', '08_15_24', '08_15_26', '08_22_24', '08_24_26', '12_23_26']"
6233464,16,"['04_05_22', '04_05_26', '05_06_26', '05_15_26', '05_20_22', '05_20_26', '06_15_26', '21_22_23']"
6701975,15,"['01_02_20', '01_04_20', '01_06_20', '01_09_20', '01_10_15', '01_20_23', '02_09_20', '09_20_23']"
6461756,15,"['02_03_05', '02_03_06', '02_03_07', '03_05_20', '03_06_20', '03_07_20', '03_20_21', '06_12_20']"
6147212,14,"['01_08_11', '01_17_24', '01_19_24', '03_18_22', '11_18_24', '12_18_22', '15_18_24', '18_22_24']"
3654166,14,"['04_09_21', '07_09_24', '07_14_24', '09_10_11', '09_14_21', '09_14_24', '09_22_24', '10_11_14']"
1891330,14,"['03_04_21', '03_10_24', '03_13_21', '03_13_24', '03_21_24', '03_21_26', '12_13_21', '12_13_22']"
205778,13,"['04_08_22', '04_18_26', '04_19_26', '08_18_22', '18_21_26', '18_22_26', '19_21_26', '19_22_26']"
1827420,10,"['03_05_15', '03_15_16', '04_05_16', '04_15_16', '04_16_21', '05_12_15', '05_16_21', '15_16_21']"
6678443,23,"['04_09_20', '07_14_22', '09_11_20', '09_14_20', '11_14_20', '12_14_20', '14_20_24']"
6672097,19,"['01_06_11', '01_06_25', '02_06_11', '04_06_11', '06_09_11', '06_11_14', '06_11_25']"
847210,17,"['05_08_17', '07_08_15', '07_16_17', '08_15_17', '08_16_17', '15_16_17', '16_17_23']"
1502014,16,"['04_06_08', '06_08_13', '06_08_23', '06_13_16', '06_16_19', '10_16_19', '13_16_19']"
46560,13,"['07_08_22', '07_13_22', '07_13_26', '07_21_26', '13_22_23', '13_23_26', '21_23_26']"
6692130,12,"['01_05_15', '01_06_15', '01_07_15', '01_12_15', '06_11_15', '06_12_15', '07_15_20']"
915183,10,"['04_13_14', '04_13_21', '06_13_21', '06_13_24', '06_13_26', '10_13_14', '13_14_21']"
6203484,8,"['01_03_08', '01_03_19', '01_08_12', '01_12_19', '03_19_20', '08_12_20', '12_19_20']"
5508539,49,"['01_09_17', '01_09_19', '01_14_17', '01_14_19', '01_17_25', '01_19_25']"
22983,33,"['05_07_17', '05_07_18', '05_07_19', '05_17_23', '07_08_18', '07_18_21']"
37037,33,"['05_19_22', '08_14_18', '08_14_19', '08_14_23', '08_19_22', '08_22_23']"
6702424,24,"['01_05_25', '01_11_20', '01_14_20', '01_15_20', '01_20_25', '01_20_26']"
6202409,22,"['01_21_24', '03_24_26', '04_24_26', '11_24_26', '12_24_26', '21_24_26']"
729021,19,"['05_13_26', '08_21_22', '08_25_26', '16_25_26', '18_21_22', '19_21_22']"
6538153,18,"['01_06_07', '01_07_16', '01_07_21', '01_21_23', '06_07_11', '06_11_23']"
904318,16,"['05_08_25', '05_15_19', '08_09_15', '08_14_15', '08_15_25', '15_19_21']"
4477734,14,"['04_11_13', '06_10_11', '06_11_13', '07_11_13', '10_11_13', '11_13_23']"
4687752,14,"['03_10_19', '07_10_12', '08_10_12', '08_12_23', '10_12_19', '10_12_23']"
4724823,14,"['03_11_15', '03_15_24', '04_11_16', '11_12_15', '11_16_24', '12_15_24']"
6590188,12,"['01_12_26', '01_13_20', '01_13_26', '12_13_20', '12_20_26', '13_20_24']"
250074,10,"['06_08_26', '06_10_26', '10_18_22', '10_18_26', '10_19_26', '10_23_26']"
270318,10,"['04_10_21', '10_13_16', '10_13_21', '10_13_24', '10_16_24', '10_21_24']"
6461716,9,"['01_05_10', '02_03_10', '03_05_10', '04_05_10', '05_10_12', '05_10_21']"
885843,8,"['05_08_26', '05_16_26', '08_16_22', '08_16_26', '16_19_26', '16_23_26']"
1854822,7,"['03_16_17', '03_17_21', '07_16_24', '08_11_16', '08_11_21', '16_17_21']"
1965664,44,"['09_11_13', '09_13_15', '11_13_14', '11_13_22', '13_15_22']"
6473619,41,"['02_06_16', '02_06_21', '02_07_16', '02_07_21', '05_06_18']"
6434908,37,"['06_16_20', '07_16_20', '07_20_21', '16_20_23', '20_21_23']"
6677368,36,"['01_11_26', '01_18_26', '01_21_22', '01_21_26', '02_09_26']"
1520291,29,"['06_15_17', '08_17_18', '15_17_18', '16_17_18', '17_18_21']"
4032993,23,"['04_15_17', '11_15_17', '15_17_25', '15_19_22', '15_19_25']"
6468637,21,"['02_13_20', '02_20_26', '10_20_25', '13_20_25', '18_20_26']"
6693911,17,"['01_02_05', '01_04_05', '01_05_06', '01_05_21', '02_05_22']"
6696528,16,"['01_15_18', '02_07_24', '02_11_16', '07_15_24', '15_23_24']"
6592826,16,"['11_12_20', '11_20_21', '11_20_24', '12_20_21', '12_20_24']"
1891287,14,"['03_16_18', '03_16_23', '03_18_21', '12_16_18', '16_18_21']"
1549819,14,"['03_14_23', '05_07_14', '05_10_11', '05_11_13', '07_14_16']"
5000194,13,"['04_16_20', '05_15_20', '05_16_20', '08_15_20', '15_16_20']"
3455823,12,"['07_24_26', '08_11_26', '11_19_26', '17_24_26', '19_24_26']"
6686464,12,"['01_10_11', '01_10_25', '01_11_13', '02_10_11', '02_11_13']"
3432342,11,"['04_09_13', '09_13_14', '09_13_21', '09_13_24', '13_14_24']"
1841692,10,"['03_08_18', '03_10_18', '03_13_18', '03_13_19', '10_12_18']"
6672046,9,"['01_10_20', '02_10_20', '04_10_20', '10_20_23', '10_20_26']"
1865855,9,"['03_16_22', '03_16_26', '12_16_26', '16_22_24', '16_24_26']"
862282,8,"['05_13_21', '06_16_21', '09_13_16', '13_16_21', '13_16_26']"
1825125,8,"['03_05_22', '03_05_26', '03_14_21', '04_05_21', '05_12_22']"
1896404,7,"['03_04_16', '03_10_16', '03_16_21', '04_12_16', '12_16_21']"
1965883,7,"['04_10_24', '08_09_24', '09_10_24', '10_12_22', '10_22_24']"
5156056,7,"['01_08_22', '01_08_26', '01_19_26', '12_18_26', '18_24_26']"
6068023,6,"['01_04_16', '01_08_21', '01_15_16', '01_16_21', '05_15_24']"
1024233,29,"['09_16_26', '14_16_26', '14_21_22', '14_21_26']"
6700266,26,"['01_07_22', '01_22_23', '07_09_22', '09_22_23']"
1888628,22,"['03_05_17', '05_12_17', '05_16_17', '17_21_23']"
6070749,20,"['01_07_08', '01_07_19', '01_15_19', '15_19_20']"
6702609,20,"['01_02_21', '01_02_22', '01_02_25', '01_02_26']"
5693393,20,"['07_13_20', '08_13_20', '10_19_20', '13_19_20']"
6693783,17,"['01_03_15', '02_03_15', '03_15_20', '12_15_20']"
6693566,17,"['01_03_05', '01_05_12', '02_05_12', '05_12_20']"
4338809,17,"['03_09_19', '09_19_24', '11_13_19', '13_17_24']"
70940,16,"['13_17_21', '13_17_22', '17_21_22', '17_21_26']"
5759743,15,"['11_17_20', '11_19_20', '17_19_20', '23_24_26']"
6693690,14,"['01_03_10', '01_10_12', '02_10_12', '02_12_13']"
4676500,14,"['03_09_13', '03_13_14', '09_12_13', '12_13_14']"
901763,13,"['05_06_25', '06_08_09', '06_08_14', '14_16_23']"
1583302,12,"['08_13_15', '08_19_21', '13_15_19', '13_15_23']"
1520893,11,"['05_22_25', '06_21_22', '06_21_26', '16_22_25']"
6587608,11,"['01_08_20', '01_19_20', '09_19_20', '15_20_23']"
4745191,11,"['01_08_16', '08_12_16', '12_16_19', '12_16_23']"
1725862,10,"['03_22_26', '04_16_26', '16_21_26', '16_22_26']"
908630,9,"['04_08_26', '08_13_26', '08_21_26', '08_22_26']"
1547881,9,"['05_08_24', '06_08_24', '06_18_24', '06_19_24']"
6477077,9,"['01_24_26', '11_13_20', '13_15_20', '20_24_26']"
4873163,8,"['05_10_22', '05_13_22', '06_10_22', '06_13_22']"
1814112,8,"['04_16_25', '15_16_25', '15_21_25', '16_21_25']"
1555306,8,"['04_08_13', '07_08_13', '08_13_19', '08_13_23']"
6671222,8,"['01_08_09', '01_09_10', '02_09_10', '09_10_18']"
6209668,7,"['01_03_17', '01_12_17', '03_17_20', '12_17_20']"
33604,6,"['05_16_24', '05_16_25', '06_16_24', '16_23_24']"
888957,5,"['04_08_21', '08_16_21', '10_15_16', '16_21_23']"
2647429,39,"['06_11_19', '09_17_19', '09_17_23']"
32878,37,"['05_06_17', '05_06_19', '07_08_14']"
4691376,35,"['10_12_24', '10_12_25', '10_24_25']"
4685818,29,"['01_16_17', '11_16_17', '12_16_17']"
6413490,24,"['14_20_22', '14_20_25', '14_20_26']"
4736122,21,"['09_15_21', '12_15_21', '14_15_21']"
6233893,21,"['08_14_20', '14_16_20', '14_19_20']"
6702627,19,"['01_02_10', '01_02_12', '01_02_24']"
5001673,18,"['05_08_20', '05_18_20', '05_19_20']"
4998405,17,"['05_17_20', '07_19_20', '17_20_23']"
315791,17,"['04_13_17', '10_17_18', '13_17_18']"
1548734,14,"['05_06_16', '06_15_21', '16_23_25']"
6693666,14,"['01_03_07', '01_07_12', '03_07_09']"
6377943,14,"['05_07_25', '06_07_14', '06_07_25']"
1520913,13,"['05_13_24', '14_16_24', '16_24_25']"
5799780,11,"['01_06_10', '01_10_13', '01_10_21']"
4676509,10,"['03_09_10', '03_10_22', '09_10_12']"
1923209,10,"['05_07_22', '05_07_26', '07_16_22']"
1780690,10,"['08_19_24', '08_23_24', '16_19_24']"
4747025,10,"['03_16_20', '12_16_20', '16_20_21']"
6696593,10,"['02_03_23', '02_08_12', '12_18_20']"
6696634,9,"['01_13_15', '01_13_22', '01_13_25']"
4752385,9,"['03_09_16', '03_12_16', '09_12_16']"
4735776,9,"['12_16_22', '12_16_24', '15_16_24']"
6474581,9,"['02_08_25', '02_16_25', '16_18_25']"
6474872,9,"['02_10_14', '02_10_21', '10_14_18']"
4035996,8,"['01_08_19', '08_12_19', '12_19_23']"
6461818,8,"['02_10_24', '02_13_24', '02_21_24']"
6363722,8,"['02_03_17', '02_12_17', '02_17_24']"
4982069,8,"['02_03_21', '03_05_13', '05_12_13']"
6459822,8,"['03_14_20', '03_20_22', '03_20_25']"
907911,7,"['08_22_25', '10_22_25', '10_25_26']"
1891075,7,"['03_05_21', '03_15_21', '05_12_21']"
6080006,6,"['01_05_08', '05_12_18', '12_18_23']"
4672542,5,"['03_08_20', '08_16_20', '08_20_21']"
42863,4,"['08_10_21', '08_10_22', '10_22_23']"
1672244,4,"['03_10_26', '10_16_26', '10_24_26']"
1867092,4,"['03_16_24', '04_16_24', '16_21_24']"
778247,33,"['05_14_17', '05_17_25']"
6465206,29,"['02_14_16', '14_16_18']"
1656683,28,"['09_10_16', '10_14_16']"
872086,27,"['10_19_22', '13_19_22']"
3113778,25,"['08_09_25', '08_09_26']"
3493278,24,"['10_11_17', '10_11_19']"
872069,24,"['10_16_18', '13_16_18']"
6472480,23,"['02_10_16', '02_13_16']"
6670539,22,"['01_02_17', '02_11_17']"
6696125,21,"['02_08_11', '02_12_22']"
3525733,21,"['07_10_11', '10_11_23']"
6702580,20,"['01_07_20', '01_20_21']"
6537666,20,"['07_11_20', '11_20_23']"
552081,20,"['06_07_22', '08_14_17']"
902435,19,"['05_06_08', '06_08_18']"
6452362,19,"['06_11_20', '06_20_25']"
4019616,19,"['15_17_21', '15_17_22']"
2733189,18,"['06_09_17', '06_11_22']"
3060007,18,"['06_09_13', '08_09_10']"
6406295,18,"['14_17_20', '17_20_22']"
6695166,18,"['01_06_22', '01_06_26']"
195512,18,"['08_14_22', '08_14_26']"
6589784,17,"['01_13_17', '07_13_24']"
5693425,16,"['10_16_20', '13_16_20']"
3366855,15,"['07_18_20', '18_19_20']"
4745150,15,"['03_08_15', '08_12_15']"
4748866,15,"['03_11_16', '11_12_16']"
6239470,15,"['02_11_19', '02_17_19']"
6667691,15,"['14_18_20', '18_20_21']"
1988311,14,"['09_13_19', '13_14_19']"
1823474,14,"['06_15_25', '16_17_25']"
3316908,14,"['08_09_18', '09_16_19']"
6667422,13,"['06_20_22', '07_20_22']"
6695586,13,"['02_09_16', '09_16_18']"
469815,12,"['07_10_22', '07_10_26']"
1515970,12,"['08_18_25', '08_19_25']"
6678024,12,"['07_15_26', '15_23_26']"
3362069,12,"['13_14_18', '13_18_22']"
6454462,12,"['02_13_14', '13_14_20']"
461292,11,"['08_17_25', '13_17_25']"
1892344,11,"['03_10_21', '10_12_21']"
4753504,11,"['05_12_24', '12_16_25']"
4415782,11,"['10_18_24', '10_19_24']"
3555087,11,"['09_14_16', '13_14_15']"
1190073,11,"['10_14_22', '10_14_26']"
6639222,11,"['01_03_13', '01_12_13']"
4996516,10,"['10_18_20', '13_18_20']"
4360626,10,"['11_16_22', '11_16_25']"
4729584,9,"['03_15_17', '12_23_24']"
2466188,9,"['01_08_10', '08_10_20']"
5017218,9,"['13_17_20', '13_20_26']"
2102333,9,"['08_12_14', '10_12_14']"
5808972,9,"['01_17_26', '11_16_26']"
6475624,9,"['02_03_16', '02_12_16']"
42145,9,"['08_13_22', '13_18_26']"
6144208,9,"['06_13_15', '06_15_20']"
5670015,9,"['01_06_16', '01_10_16']"
6502601,8,"['01_10_23', '09_10_23']"
1793692,8,"['09_10_21', '10_14_21']"
1877800,8,"['05_17_24', '17_21_24']"
747183,8,"['04_08_25', '16_19_25']"
4674388,8,"['03_06_15', '06_15_16']"
188493,8,"['08_18_26', '08_19_26']"
6682794,8,"['08_09_20', '09_16_20']"
6485319,8,"['09_10_20', '10_20_24']"
3415973,7,"['10_11_22', '10_11_26']"
5367976,7,"['01_09_16', '01_14_16']"
6387938,7,"['02_09_13', '09_13_18']"
2180574,7,"['07_08_20', '07_13_15']"
1604247,7,"['08_17_26', '16_17_26']"
1958842,7,"['08_19_20', '16_19_20']"
1439096,7,"['07_08_26', '07_16_26']"
4987018,7,"['16_20_22', '16_22_23']"
1544841,7,"['05_09_21', '05_14_21']"
5436346,7,"['19_20_21', '19_20_26']"
4977368,7,"['02_03_08', '05_10_16']"
6461133,7,"['02_05_24', '20_21_24']"
5759894,6,"['01_10_17', '10_11_18']"
4287264,6,"['09_15_16', '11_15_16']"
1827616,6,"['03_05_09', '03_05_14']"
4677362,6,"['03_13_20', '13_20_21']"
5991493,6,"['01_11_16', '11_16_20']"
6702007,6,"['01_18_20', '09_18_20']"
6477906,6,"['01_10_26', '01_16_26']"
6461155,5,"['02_03_26', '03_20_26']"
5979243,5,"['01_08_24', '08_20_24']"
4211662,5,"['08_17_20', '17_18_20']"
5613804,5,"['08_20_25', '16_20_25']"
12642,4,"['16_18_22', '16_19_22']"
6354041,4,"['05_12_26', '05_24_26']"
1573291,4,"['03_10_25', '10_21_25']"
314321,4,"['08_10_18', '08_23_26']"
2606976,39,['11_15_18']
5336836,35,['01_14_26']
4023753,34,['11_16_19']
4359235,34,['13_15_17']
6468703,33,['02_17_21']
315955,31,['13_17_19']
6685949,28,['06_09_18']
6468691,27,['18_20_22']
36180,26,['14_16_19']
1877488,25,['03_07_10']
874788,25,['05_13_17']
6496047,24,['01_17_18']
1737861,23,['16_17_19']
817371,22,['10_18_21']
3450441,22,['16_17_24']
6699917,21,['01_05_22']
1818364,21,['07_16_19']
3894797,21,['11_13_18']
6431167,20,['13_20_23']
5152068,20,['07_10_20']
5088842,19,['01_19_22']
4747149,19,['12_13_18']
1549459,18,['06_08_15']
4675335,18,['12_13_17']
707209,17,['05_10_17']
5984812,17,['01_15_17']
6464647,17,['06_08_20']
5622039,17,['01_08_14']
6473733,17,['02_06_10']
4976653,17,['05_14_25']
6632715,17,['03_09_20']
4970491,16,['07_14_21']
6700055,16,['01_07_24']
1003212,16,['08_10_14']
704560,16,['13_14_17']
2240700,16,['09_19_26']
1572666,16,['08_13_17']
4749735,15,['10_11_12']
3122553,15,['05_09_24']
4597058,15,['06_11_17']
6682492,15,['07_15_22']
6465009,15,['02_16_20']
6702450,14,['01_20_24']
6376900,14,['05_12_25']
6695202,14,['01_16_25']
1827999,14,['03_08_22']
4630833,14,['08_24_25']
6508861,13,['01_09_11']
4982151,13,['02_03_13']
154513,13,['10_14_19']
33360,13,['05_16_22']
6416664,13,['17_20_21']
422955,13,['10_17_26']
6182386,13,['11_16_18']
1963729,13,['08_18_20']
6462169,13,['03_10_20']
1549654,13,['06_16_18']
1716031,12,['06_17_24']
6201823,12,['07_12_18']
1699092,12,['08_10_19']
2548188,12,['07_08_09']
741269,12,['08_14_25']
6576608,12,['15_20_22']
6667586,12,['01_16_20']
1877855,12,['05_11_21']
1896092,12,['10_12_16']
4999822,12,['15_20_21']
1828987,12,['13_18_21']
4498180,11,['08_18_24']
5853642,11,['13_15_18']
6471500,11,['02_13_17']
250977,11,['13_19_26']
4691220,11,['03_09_17']
6689074,11,['10_12_20']
3124609,11,['08_09_14']
6696589,11,['02_07_12']
3831719,10,['09_16_24']
4876288,10,['02_08_19']
1505476,10,['13_14_16']
1551560,10,['13_24_26']
6632306,10,['07_12_20']
2038847,9,['08_09_22']
5907002,9,['17_20_24']
1830517,9,['13_15_21']
5098923,9,['01_10_19']
6695346,9,['02_16_24']
6204088,9,['01_13_21']
6667255,9,['05_10_20']
3206561,8,['12_14_23']
6323852,8,['05_20_24']
6629365,8,['01_03_26']
1892199,8,['03_07_21']
4321521,8,['07_16_25']
6478575,8,['01_10_22']
6480121,8,['01_13_16']
757467,8,['05_10_26']
4677879,8,['08_12_24']
6702135,7,['01_02_13']
1053965,7,['08_10_26']
2028600,7,['10_11_21']
2540343,7,['08_09_23']
5002600,7,['01_10_24']
612065,7,['10_16_22']
1825077,7,['03_05_18']
1550207,7,['08_14_24']
6216654,7,['03_20_24']
4725581,7,['08_12_18']
1889269,7,['03_10_14']
2360306,7,['09_10_19']
6477768,7,['09_13_20']
6676165,7,['10_20_22']
1828363,7,['03_13_17']
3425225,6,['07_10_24']
3156140,6,['07_21_22']
1980000,6,['08_20_26']
5075027,6,['08_20_22']
6475293,6,['02_20_21']
6511381,6,['01_16_22']
885861,6,['16_18_26']
235968,6,['10_19_25']
5440090,6,['19_20_22']
5021291,6,['13_20_22']
6426090,6,['02_16_22']
4727762,5,['08_12_25']
4281778,5,['05_22_26']
4831262,5,['02_08_26']
5803771,5,['01_16_24']
1781981,5,['06_16_26']
1878505,5,['11_16_21']
1813242,5,['08_15_16']
9456,5,['16_18_24']
6502625,5,['01_10_18']
11285,4,['13_15_16']
6614364,4,['19_20_24']
905399,4,['06_16_22']
3381260,4,['16_20_24']
1668520,4,['08_16_24']
1427870,4,['08_17_22']
884362,4,['14_15_16']
4951619,4,['02_13_21']
6200520,4,['03_18_20']
4736259,4,['12_15_16']
1880355,3,['10_16_21']
1871684,3,['03_08_25']
1774883,3,['16_17_22']
1774464,3,['15_16_26']
5602194,3,['16_20_26']
4332389,3,['05_11_16']
6387180,3,['02_10_25']
4140687,3,['16_17_20']
728687,2,['13_16_24']
761194,2,['07_16_21']
1895261,2,['03_16_25']
6068910,2,['01_08_15']
6413358,2,['02_16_26']
